Kode Awalan,produk
AICE,AICE 2 COLORS CHOCO STICK 50ML
AICE,AICE 2IN1 COLORS 65ML
AICE,AICE BLUBERRY YOGHURT 65ML
AICE,AICE CHOCO BOOST 62GR
AICE,AICE CHOCO COOKIES STICK 60GR
AICE,AICE CHOCOLATE ALMOND
AICE,AICE CHOCOLATE CRISPY 60GR
AICE,AICE CHOCOLATE STICK 40GR
AICE,AICE COFFEE CRISPY STICK 45GR
AICE,AICE CONE CHOCO CONDENSED MILK
AICE,AICE CONE CHOCO MELT
AICE,AICE CONE CHOCO WAFFLE 45GR
AICE,AICE CONE STRAWBERY CONDENSED
AICE,AICE CONE TARO 45GR
AICE,AICE FRUIT TWISTER STICK 60ML
AICE,AICE JERUK 60GR
AICE,AICE KETAN KISMIS 55ML
AICE,AICE MANGGOSLUSH 65GR
AICE,AICE MANGO SLUSH LESS SUGAR LOW FAT STICK
AICE,AICE MIKI MIKI STICK 30 GR
AICE,AICE MIKI STRAWBERY STICK 35 GR
AICE,AICE MILK MELON 50GR
AICE,AICE MOCHI CHOCO 45ML
AICE,AICE MOCHI DURIAN 45ML
AICE,AICE MOCHI KLEPON 45ML
AICE,AICE MOCHI STRAWBERRY 45ML
AICE,AICE MOCHI VANILLA 30GR
AICE,AICE NANAS 65GR
AICE,AICE OBOR COFFEE CONE 65GR
AICE,AICE OBOR STRAWBERRY 65GR
AICE,AICE OBOR VANILA CONE 65GR
AICE,AICE SEMANGKA 65GR
AICE,AICE SESAME CRISPY STICK 55GR
AICE,AICE STROBERY CRISPY 55GR
AICE,AICE SUNDAE AVOCADO CHOCOLATE CUP
AICE,AICE SUNDAE CHOCO CUP 100ML
AICE,AICE SUNDAE STRAWBERRY CUP
AICE,AICE SUSU TELUR
AICE,AICE SWEET CORN 52GR
AICE,AICE TARO CRISPY STICK 51GR
AMPLOP,AMPLOP CASING CETAK
AMPLOP,AMPLOP KOSONG
AQUA,AQUA BOTOL 600 ML
AROMATIC,AROMATIC ANAK BIRU
AROMATIC,AROMATIC ANAK PINK
AROMATIC,AROMATIC HIJAU
AROMATIC,AROMATIC KUNING
AROMATIC,AROMATIC MERAH
BAHAN,"BAHAN ACRYLIC 1,5-2 MM"
BAHAN,BAHAN ACRYLIC 3 MM
BAHAN,BAHAN ACRYLIC 4 MM
BAHAN,BAHAN ACRYLIC 5 MM
BALP.,BALP. PROM PAKAI TUTUP TANPA TALI
BALP.,BALP. PROM TINDIS BESAR PANJANG
BALP.,BALP. PROM. PAKAI TUTUP PAKAI TALI
BALP.,"BALP. PROM. TINDIS, PAKAI TALI"
BALPOINT,BALPOINT UV 2029 PIPIH
BALPOINT,BALPOINT UV PENJEPIT MODEL CHEKLIST
BALPOINT,BALPOINT UV PUTAR STAINLESS LINGK. TENGAH
BALPOINT,BALPOINT UV TALI BULAT ATAS
BALPOINT,BALPOINT UV TINDIS STAINLESS LINGK. TENGAH
BANTALAN,BANTALAN STEMPEL TRODAT 46025
BANTALAN,BANTALAN STEMPEL TRODAT 46030
BANTALAN,BANTALAN STEMPEL TRODAT 4750
BANTALAN,BANTALAN STEMPEL TRODAT 4912
BANTALAN,BANTALAN STEMPEL TRODAT 4923
BAUT,BAUT AKRILYC
BC,BC PLANO (BAHAN)
BIAYA,BIAYA CETAK
BIAYA,BIAYA CETAK ULANG FAKTUR
BIAYA,BIAYA EDIT (PERBESAR/PERKECIL/REPEAT)
BIAYA,BIAYA KIRIM
BIAYA,BIAYA LUBANG
BIAYA,BIAYA PACKAGING
BIAYA,BIAYA PASANG
BIAYA,BIAYA POTONG
BIAYA,BIAYA POTONG SOFTCUT
BINGKAI,BINGKAI AKRILIK
BINGKAI,BINGKAI FOTO 10 R
BINGKAI,BINGKAI FOTO 16 R
BIO,BIO RED BOTOL 600 ML
BLOK,BLOK NOTE
BONEKA,BONEKA WISUDA
BOOKLET,BOOKLET
BOTOL,BOTOL CHIELO RENO 500 ML CETAK UV
BOTOL,BOTOL MINUM A5 MEMO CTK UV
BOTOL,BOTOL SPORT STAINLESS/WARNA 500ML CETAK UV
BOTOL/TUMBLER,BOTOL/TUMBLER KOTAK 500 ML CETAK UV
BOTOL/TUMBLER,BOTOL/TUMBLER TUTUP BAMBU 500 ML CETAK UV
BOX,BOX PLAKAT
BOX,BOX PLAKAT BELUDRU
BROSUR,BROSUR / LEAFLET
BROSUR,BROSUR / LEAFLET RIM
BRUNCH,BRUNCH COOKIES CHOCO FLAVOUR
BUAVITA,BUAVITA 250ML ALL VARIAN RASA
BUAVITA,BUAVITA GUAVA 250 ML
BUKU,BUKU AGENDA UV
CD,CD BLANK
CETAK,CETAK AMPLOP KHUSUS
CETAK,CETAK BUKU
CETAK,CETAK DOS  PAKAI TUTUP
CETAK,CETAK DOS / KEMASAN
CETAK,CETAK DOS TANPA TUTUP
CETAK,CETAK KERTAS MUG UNTUK SABLON
CETAK,CETAK LASER BW NCR DF TOKORIO
CETAK,CETAK LASER BW NCR F4 TOKO RIO
CETAK,CETAK LASER STIKER CROMO
CETAK,CETAK MEDALI CUSTOM
CETAK,CETAK NCR
CETAK,CETAK PAS FOTO DI UK. KERTAS F4
CETAK,CETAK PAS FOTO DI UK. KERTAS F4 (POTONG)
CETAK,CETAK PAS FOTO DI UK. KERTAS F4 GANTI LATAR
CETAK,CETAK PAS FOTO DI UK. KERTAS F4 GANTI LATAR (POTONG)
CETAK,CETAK UV CASING HP UK STANDAR
CETAK,CETAK WARNA NCR STD F4 TOKO RIO
COCACOLA,COCACOLA SLIM
COPY,COPY BW A0 (84x118.8cm) BC/MU
COPY,COPY BW A0 (84x118.8cm) HVS
COPY,COPY BW A0 (84x118.8cm) KALKIR
COPY,COPY BW A1 (59.4x84cm) BC/MU
COPY,COPY BW A1 (59.4x84cm) HVS
COPY,COPY BW A1 (59.4x84cm) KALKIR
COPY,COPY BW A2 (42x59.4cm) BC/MU
COPY,COPY BW A2 (42x59.4cm) HVS
COPY,COPY BW A2 (42x59.4cm) KALKIR
COPY,COPY BW DF (43X33cm) BC/MU
COPY,COPY BW DF (43X33cm) HVS
COPY,COPY CD
COPY,COPY DVD
COPY,COPY LASER BW A3 100-120 gr (C)
COPY,COPY LASER BW A3 150 - 210 gr (C)
COPY,COPY LASER BW A3 260/BW (C)
COPY,COPY LASER BW A3 HVS 70-80 gr (C)
COPY,COPY LASER BW A3 KALKIR/SLIDE (C)
COPY,COPY LASER BW A4 100-120 gr (C)
COPY,COPY LASER BW A4 150-210 gr (C)
COPY,COPY LASER BW A4 HVS 100 gr (C)
COPY,COPY LASER BW A4 HVS 70-80gr (C)
COPY,COPY LASER BW A4 HVS COLOR (C)
COPY,COPY LASER BW A4 KALKIR/SLIDE (C)
COPY,COPY LASER COLOR A3 70/80GR (C )
COPY,COPY LASER COLOR A3 70/80GR (C/F)
COPY,COPY LASER COLOR A4/A3 100-120 GR (C )
COPY,COPY LASER COLOR A4/A3 150-260gr/SLIDE (C )
COPY,COPY LASER COLOR A4/A3 150-260gr/SLIDE (C/F)
COPY,COPY LASER COLOR A4/F4 70/80GR (C )
COPY,COPY LASER COLOR A4/F4 70/80GR (C/F)
COPY,COPY PERBESAR A4/A3 KE A2 BC/MU
COPY,COPY PERBESAR A4/A3 KE A2 HVS
COPY,COPY PERBESAR A4/A3 KE A2 KALKIR
COPY,COPY PERBESAR A4/A3/A2 KE A1 BC/MU
COPY,COPY PERBESAR A4/A3/A2 KE A1 HVS
COPY,COPY PERBESAR A4/A3/A2/A1 KE A0 BC/MU
COPY,COPY PERBESAR A4/A3/A2/A1 KE A0 HVS
COPY,COPY PERKECIL A0 KE A1 BC/MU
COPY,COPY PERKECIL A0 KE A1 HVS
COPY,COPY PERKECIL A0/A1 KE A2/A3/A4 BC/MU
COPY,COPY PERKECIL A0/A1 KE A2/A3/A4 HVS
COPY,COPY PERKECIL A0/A1 KE A2/A3/A4 KALKIR
COPY,COPY PERKECIL A2 KE A3/A4 HVS
COPY,COPY WARNA  DF (43X33cm) BC/MU
COPY,COPY WARNA DF (43X33cm) HVS
CUTTING,CUTTING STIKER
DESIGN,DESIGN KARTU NAMA BERFOTO/GAMBAR
DESIGN,DESIGN KARTU NAMA STANDAR
DESIGN/SETING,DESIGN/SETING MASTER DIDAMPINGI
DESIGN/SETING,DESIGN/SETING MASTER LEVEL A
DESIGN/SETING,DESIGN/SETING MASTER LEVEL B
DESIGN/SETING,DESIGN/SETING MASTER LEVEL C
DESIGN/SETING,DESIGN/SETING MASTER LEVEL C1
DESIGN/SETING,DESIGN/SETING MASTER LEVEL D
DESIGN/SETING,DESIGN/SETING MASTER LEVEL E
DESIGN/SETING,DESIGN/SETING MASTER LEVEL F
DOBBLE,DOBBLE TAPE GABUS
DOBBLE,DOBBLE TAPE SEDANG
DOFF,DOFF LAMINATING
DOOR,DOOR BANNER 60X160 SINTETIC CETAK 5270
DOOR,DOOR BANNER 60X160 SINTETIC CETAK TANPA STAND 5270
DOOR,DOOR BANNER 60X160 VINIL CETAK 5270
DOOR,DOOR BANNER 60X160 VINIL CETAK TANPA STAND 5270
DOOR,DOOR BANNER 80X180 SINTETIC CETAK 5270
DOOR,DOOR BANNER 80X180 VINIL CETAK 5270
DOS,DOS MUG
DUDUKAN,DUDUKAN KALENDER ALBUM A4 + SPIRAL
DUDUKAN,DUDUKAN KALENDER ALBUM A5+ SPIRAL
DUDUKAN,DUDUKAN KALENDER BIASA+SPIRAL
DUPLEX,DUPLEX TIPIS
DVD,DVD BLANK
FACE,FACE SHIELD CUSTOM NAMA
FACE,FACE SHIELD CUSTOM NAMA BAHAN TEBAL
FELIXSCHOLER,FELIXSCHOLER E-PHOTO LUSTRE 260GR
FLASH,FLASH DISK CETAK UV 16 GB
FLASH,FLASH DISK CETAK UV 8 GB
FLORIDINA,FLORIDINA FLORIDA ORANGE
FRISIAN,FRISIAN FLAG MILK 225ML SUSU BENDERA
GANT.,GANT.  KUNCI STAINLES KOTAK LUX CTK UV
GANTUNGAN,GANTUNGAN ID CARD BULAT
GANTUNGAN,GANTUNGAN ID CARD JEPIT BESI
GANTUNGAN,GANTUNGAN ID CARD JEPIT PLASTIK
GANTUNGAN,GANTUNGAN ID CARD TALI BESAR
GANTUNGAN,GANTUNGAN ID CARD TALI KECIL
GANTUNGAN,GANTUNGAN ID CARD TALI KECIL DOUBLE FUNGSI
GANTUNGAN,GANTUNGAN KALENDER
GANTUNGAN,GANTUNGAN KUNCI ACRILYC WARNA
GANTUNGAN,GANTUNGAN KUNCI AKRILIK JADI
GANTUNGAN,GANTUNGAN KUNCI BK BTL BESAR DOFF
GANTUNGAN,GANTUNGAN KUNCI BK BTL BESAR GLOSY
GANTUNGAN,GANTUNGAN KUNCI BK BTL KECIL DOFF
GANTUNGAN,GANTUNGAN KUNCI BK BTL KECIL GLOSY
GANTUNGAN,GANTUNGAN KUNCI BONEKA BESAR (BAHAN)
GANTUNGAN,GANTUNGAN KUNCI BONEKA BSR DOFF
GANTUNGAN,GANTUNGAN KUNCI BONEKA BSR GLOSY
GANTUNGAN,GANTUNGAN KUNCI BONEKA KCL DOFF
GANTUNGAN,GANTUNGAN KUNCI BONEKA KCL GLOSY
GANTUNGAN,GANTUNGAN KUNCI BUKA BOTOL KECIL
GANTUNGAN,GANTUNGAN KUNCI MIROR GLOSY
GANTUNGAN,GANTUNGAN KUNCI STAINLES BULAT CTK UV
GANTUNGAN,GANTUNGAN KUNCI STAINLES KOTAK  CTK UV
GLOSSY,GLOSSY LAMINATING
GOOD,GOOD DAY COFFEE BOTOL 250ML
GOODY,GOODY BAG SABLON
GRAVOPLAY,GRAVOPLAY
HAND,HAND SANITIZER GEL BRIGHT CLEAN LEMONGRASS 100ML
ID,ID CARD STANDAR INKJET
ID,ID CARD STANDAR INKJET + SET. MASTER
IMPRABOARD,IMPRABOARD
INKJET,"INKJET COLOR PR AMPLOP CASING A, B STD 50+"
INKJET,"INKJET COLOR PR AMPLOP CASING A, B- NON STD (PAK)"
INKJET,"INKJET COLOR PR AMPLOP CASING A, B- STD (PAK)"
INKJET,INKJET COLOR PR AMPLOP CASING B+ STD (PAK)
INKJET,INKJET COLOR PR AMPLOP CASING C NON STD (PAK)
INKJET,INKJET COLOR PR AMPLOP CASING C NON STD 50+
INKJET,INKJET COLOR PR AMPLOP CASING C STD (PAK)
INKJET,INKJET COLOR PR AMPLOP CASING D NON STD 50+
INKJET,INKJET COLOR PR AMPLOP CASING D STD (PAK)
INKJET,INKJET COLOR PR AMPLOP CASING D STD 10+
INKJET,INKJET COLOR PR AMPLOP CASING D STD 50+
INKJET,INKJET COLOR PR AMPLOP CASING E NON STD (PAK)
INKJET,INKJET COLOR PR AMPLOP CASING E NON STD 50+
INKJET,INKJET COLOR PR AMPLOP CASING E STD (PAK)
INKJET,INKJET COLOR PR AMPLOP CASING E STD 10+
INKJET,INKJET COLOR PR AMPLOP CASING E STD 50+
INKJET,INKJET COLOR PR AMPLOP CASING STD 1+
INKJET,INKJET COLOR PRINT A3 HVS STD 50+
INKJET,INKJET COLOR PRINT A4 HVS STD 50+
INKJET,INKJET COLOR PRINT A4 KARTON
INKJET,INKJET COLOR PRINT AMPL 1/2-1/4F  NON STD 50+
INKJET,INKJET COLOR PRINT AMPL 1/2-1/4F  STD 50+
INKJET,"INKJET COLOR PRINT AMPL 1/2-1/4F  STD, NON STD 1+"
INKJET,"INKJET COLOR PRINT AMPL 1/2-1/4F  STD, NON STD 10+"
INKJET,INKJET COLOR PRINT AMPL 1/2-1/4F NON STD (PAK)
INKJET,INKJET COLOR PRINT AMPL 1/2-1/4F STD (PAK)
INKJET,INKJET COLOR PRINT AMPLOP  KECIL NON STD
INKJET,INKJET COLOR PRINT AMPLOP  KECIL STD
INKJET,INKJET COLOR PRINT AMPLOP KACA STD
INKJET,INKJET COLOR PRINT AMPLOP LEM NON STD
INKJET,INKJET COLOR PRINT AMPLOP LEM STD
INKJET,INKJET COLOR PRINT KOP SURAT (lembar)
INKJET,INKJET COPY COLOR A4 HVS STD 1+
INKJET,INKJET COPY COLOR A4 HVS STD 10+
INKJET,INKJET COPY COLOR A4 HVS STD 20+
INKJET,INKJET COPY COLOR A4 HVS STD 25+
INKJET,INKJET COPY COLOR A4 HVS STD 50+
INKJET,INKJET COPY COLOR A4 KARTON
INKJET,INKJET PLOTER COLOR A0 HVS
INKJET,INKJET PLOTER COLOR A0 HVS 5270
INKJET,INKJET PLOTER COLOR A0 KALKIR 5270
INKJET,INKJET PLOTER COLOR A1 BC
INKJET,INKJET PLOTER COLOR A1 BC 5270
INKJET,INKJET PLOTER COLOR A1 HVS
INKJET,INKJET PLOTER COLOR A1 HVS 5270
INKJET,INKJET PLOTER COLOR A1 KALKIR
INKJET,INKJET PLOTER COLOR A1 KALKIR 5270
INKJET,INKJET PLOTER COLOR A2 BC
INKJET,INKJET PLOTER COLOR A2 BC 5270
INKJET,INKJET PLOTER COLOR A2 HVS
INKJET,INKJET PLOTER COLOR A2 HVS 5270
INKJET,INKJET PLOTER COLOR A2 KALKIR 5270
INKJET,INKJET PLOTER COLOR KERTAS KANVAS 5270
INKJET,INKJET PLOTER COLOR KTS FOTO A0
INKJET,INKJET PLOTER COLOR KTS FOTO A0 5270
INKJET,INKJET PLOTER COLOR KTS FOTO A1
INKJET,INKJET PLOTER COLOR KTS FOTO A1 5270
INKJET,INKJET PLOTER COLOR KTS FOTO A2
INKJET,INKJET PLOTER COLOR KTS FOTO A2 5270
INKJET,INKJET PLOTER COLOR KTS FOTO UK. 20 R (50X60CM)
INKJET,INKJET PLOTER COLOR KTS FOTO UK. 20 R (50X60CM) 5270
INKJET,INKJET PLOTER COLOR SINTETIC A0
INKJET,INKJET PLOTER COLOR SINTETIC A0 5270
INKJET,INKJET PLOTER COLOR SINTETIC A1
INKJET,INKJET PLOTER COLOR SINTETIC A1 5270
INKJET,INKJET PLOTER COLOR SINTETIC A2
INKJET,INKJET PLOTER COLOR SINTETIC A2 5270
INKJET,"INKJET PRINT KOP SURAT CONCORD, HVS 100GR STD"
INKJET,INKJET PRINT KOP SURAT HVS 70gr NON STD
INKJET,INKJET PRINT KOP SURAT HVS 70gr STD
INKJET,INKJET PRINT KOP SURAT HVS 80gr NON STD
INKJET,INKJET PRINT KOP SURAT HVS 80gr STD
IQ,IQ BLACK  BALPOINT GRAVIR + KOTAK
JAM,JAM DADU DIGITAL LAMPU TIDUR CTK UV
JAM,JAM DINDING BESAR CETAK
JAM,JAM DINDING BIASA CETAK
JAM,JAM WEKER PAKAI LAMPU CTK UV
JASA,JASA CETAK UV
JASA,JASA CETAK UV (CM2) AREA 1
JASA,JASA NOMOR NCR TOKORIO
JASA,JASA PENOMORAN
JASA,JASA PERPORASI
JASA,JASA SABLON GELAS PLASTIK 1 SISI 1000+
JASA,JASA SABLON GELAS PLASTIK 1 SISI 250+
JASA,JASA SABLON GELAS PLASTIK 1 SISI 500+
JASA,JASA SABLON GELAS PLASTIK 2 SISI 1000+
JASA,JASA SABLON GELAS PLASTIK 2 SISI 250+
JASA,JASA SABLON GELAS PLASTIK 2 SISI 500+
JENIE,JENIE JERUK NIPIS MINUMAN
JEPIT,JEPIT KALENDER
JILID,JILID ALBUM
JILID,JILID ALBUM A4 1-100 LBR
JILID,JILID BALUT LAGBAN PLANO
JILID,JILID BK BALUT LAGBAN A3
JILID,JILID BK BALUT LAGBAN A4
JILID,JILID BK SPIRAL PLASTIC  A4 UK. 1
JILID,JILID BK SPIRAL PLASTIC  A4 UK. 1 1/2
JILID,JILID BK SPIRAL PLASTIC  A4 UK. 1 1/4
JILID,JILID BK SPIRAL PLASTIC  A4 UK. 1/4
JILID,JILID BK SPIRAL PLASTIC  A4 UK. 3/4
JILID,JILID BK SPIRAL PLASTIC  A4 UK. 3/8
JILID,JILID BK SPIRAL PLASTIC  A4 UK. 5/16
JILID,JILID BK SPIRAL PLASTIC  A4 UK. 5/8
JILID,JILID HEKTER TENGAH
JILID,JILID LEM
JILID,JILID LEM A3
JILID,JILID LEM A4 1-100 LBR
JILID,JILID LEM A4 100+ - 200  LBR
JILID,JILID LEM A4/F4 201+ HAL
JILID,JILID SPIRAL KAWAT A4 UK. 10
JILID,JILID SPIRAL KAWAT A4 UK. 12
JILID,JILID SPIRAL KAWAT A4 UK. 14
JILID,JILID SPIRAL KAWAT A4 UK. 16
JILID,JILID SPIRAL KAWAT A4 UK. 18
JILID,JILID SPIRAL KAWAT A4 UK. 20
JILID,JILID SPIRAL KAWAT A4 UK. 4
JILID,JILID SPIRAL KAWAT A4 UK. 5
JILID,JILID SPIRAL KAWAT A4 UK. 6
JILID,JILID SPIRAL KAWAT A4 UK. 7
JILID,JILID SPIRAL KAWAT A4 UK. 8
JILID,JILID SPIRAL KAWAT A4 UK. 9
KAIN,KAIN PELES UMBUL UMBUL/BENDERA
KAIN,KAIN SATIN UMBUL UMBUL/BENDERA
KAKI,KAKI X-BANNER
KAKI,KAKI Y-BANNER
KALENDER,KALENDER GANTUNG
KALENDER,KALENDER MEJA
KARTU,KARTU NAMA BW PLONG (54x86) 1 MUKA
KARTU,KARTU NAMA BW PLONG (54x86) 2 MUKA
KARTU,KARTU NAMA NOVAMATE 200GR UK.STD (54x90) 1 MUKA 1+
KARTU,KARTU NAMA PLG 2 MK 1/2 GLSY/DOF 1+
KARTU,KARTU NAMA PLG 2 MK CLR/BW  1+
KARTU,KARTU NAMA PLG 2 MK CLR/BW  5+
KARTU,KARTU NAMA PLG 2 MK CLR/BW 1/2 GL/D 1+
KARTU,KARTU NAMA PLG 2 MK CLR/BW GL/DOF 1+
KARTU,KARTU NAMA PLONG (54x86) 1 MUKA 1+
KARTU,KARTU NAMA PLONG (54x86) 1 MUKA 5+
KARTU,KARTU NAMA PLONG (54x90) 2 MUKA 1+
KARTU,KARTU NAMA PLONG (54x90) 2 MUKA 5+
KARTU,KARTU NAMA PLONG 1 MK GLOSY/DOF 1+
KARTU,KARTU NAMA PLONG 2 MK GLOSY/DOF 1+
KARTU,KARTU NAMA STD 2 MK 1/2 GLSY/DOF 1+
KARTU,KARTU NAMA STD 2 MK CLR/BW  1+
KARTU,KARTU NAMA STD 2 MK CLR/BW  5+
KARTU,KARTU NAMA STD 2 MK CLR/BW GL/DOF 1+
KARTU,KARTU NAMA UK. STANDAR B/W
KARTU,KARTU NAMA UK. STANDAR B/W 2 MUKA
KARTU,KARTU NAMA UK.STD (54x90) 1 MUKA 1+
KARTU,KARTU NAMA UK.STD (54x90) 1 MUKA 5+
KARTU,KARTU NAMA UK.STD (54x90) 2 MUKA 1+
KARTU,KARTU NAMA UK.STD (54x90) 2 MUKA 5+
KARTU,KARTU NAMA UK.STD 1 MK GLOSY/DOF 1+
KARTU,KARTU NAMA UK.STD 1 MK GLOSY/DOF 5+
KARTU,KARTU NAMA UK.STD 2 MK GLOSY/DOF 1+
KARTU,KARTU NAMA UK.STD 2 MK GLOSY/DOF 5+
KERTAS,KERTAS HVS KOSONG
KERTAS,KERTAS HVS WARNA
KERTAS,KERTAS KINGSTRUK (ART PAPER)
KIPAS,KIPAS GAGANG PLASTIK JEPIT
KIPAS,KIPAS PLASTIK TEMPEL
KOPIKO,KOPIKO  78'C COFFEE
KOPIKO,KOPIKO  78'C COFFEE NEW ISI 12
LAMINATING,LAMINATING BIASA A3
LAMINATING,LAMINATING BIASA F4
LAMINATING,LAMINATING COOL
LASER,LASER BW P A3 BC/AP150-210/J/L 1+ (C )
LASER,LASER BW P A3 BC/AP150-210/J/L 10+ (C )
LASER,LASER BW P A3 BC/AP150-210/J/L 50+ (C )
LASER,LASER BW P A4 BC/AP150-210/J/L 1+ (C )
LASER,LASER BW P A4 BC/AP150-210/J/L 10+ (C )
LASER,LASER BW P A4 BC/AP150-210/J/L 50+ (C )
LASER,LASER BW PRINT A3 AP260/BW 1+ (C)
LASER,LASER BW PRINT A3 AP260/BW 10+ (C)
LASER,LASER BW PRINT A3 AP260/BW 50+ (C)
LASER,LASER BW PRINT A3 HVS 70/80 gr 1+ (C )
LASER,LASER BW PRINT A3 HVS 70/80 gr 10+ (C )
LASER,LASER BW PRINT A3 HVS 70/80 gr 50+ (C )
LASER,LASER BW PRINT A3 HVS100/AP120 1+ (C )
LASER,LASER BW PRINT A3 HVS100/AP120 10+ (C )
LASER,LASER BW PRINT A3 HVS100/AP120 50+ (C )
LASER,LASER BW PRINT A3 KALKIR/SLIDE
LASER,LASER BW PRINT A3 STIKER 1+ (C)
LASER,LASER BW PRINT A3 STIKER 10+ (C)
LASER,LASER BW PRINT A3 STIKER 50+ (C)
LASER,LASER BW PRINT A3 STIKER VINIL/TRANS 1+ (C)
LASER,LASER BW PRINT A3 STIKER VINIL/TRANS 10+ (C)
LASER,LASER BW PRINT A4 HVS 70/80 1+ (C)
LASER,LASER BW PRINT A4 HVS 70/80 10+ (C)
LASER,LASER BW PRINT A4 HVS 70/80 50+ (C)
LASER,LASER BW PRINT A4 HVS COLOR 1+ (C )
LASER,LASER BW PRINT A4 HVS COLOR 10+ (C )
LASER,LASER BW PRINT A4 HVS COLOR 50+ (C )
LASER,LASER BW PRINT A4 HVS100/AP120 1+ (C )
LASER,LASER BW PRINT A4 HVS100/AP120 10+ (C )
LASER,LASER BW PRINT A4 HVS100/AP120 50+ (C )
LASER,LASER BW PRINT A4 KALKIR/SLIDE
LASER,LASER BW PRINT MURI A3
LASER,LASER CLR P 260/300/B/J/L/BC 1+ (C )
LASER,LASER CLR P 260/300/B/J/L/BC 1+ (C/F)
LASER,LASER CLR P 260/300/B/J/L/BC 10+ (C )
LASER,LASER CLR P 260/300/B/J/L/BC 10+ (C/F)
LASER,LASER CLR P 260/300/B/J/L/BC 100+ (C )
LASER,LASER CLR P 260/300/B/J/L/BC 100+ (C/F)
LASER,LASER CLR P 260/300/B/J/L/BC 200+ (C )
LASER,LASER CLR P 260/300/B/J/L/BC 200+ (C/F)
LASER,LASER CLR P 260/300/B/J/L/BC 25+ (C )
LASER,LASER CLR P 260/300/B/J/L/BC 25+ (C/F)
LASER,LASER COLOR PRINT 70-150 gr 1+ (C)
LASER,LASER COLOR PRINT 70-150 gr 1+ (C) 2 SISI
LASER,LASER COLOR PRINT 70-150 gr 1+ (C/F)
LASER,LASER COLOR PRINT 70-150 gr 10+ (C)
LASER,LASER COLOR PRINT 70-150 gr 10+ (C) 2 SISI
LASER,LASER COLOR PRINT 70-150 gr 10+ (C/F)
LASER,LASER COLOR PRINT 70-150 gr 100+ (C)
LASER,LASER COLOR PRINT 70-150 gr 100+ (C) 2 SISI
LASER,LASER COLOR PRINT 70-150 gr 100+ (C/F)
LASER,LASER COLOR PRINT 70-150 gr 200+ (C)
LASER,LASER COLOR PRINT 70-150 gr 200+ (C) 2 SISI
LASER,LASER COLOR PRINT 70-150 gr 200+ (C/F)
LASER,LASER COLOR PRINT 70-150 gr 25+ (C)
LASER,LASER COLOR PRINT 70-150 gr 25+ (C) 2 SISI
LASER,LASER COLOR PRINT 70-150 gr 25+ (C/F)
LASER,LASER COLOR PRINT A3 KALKIR/SLIDE 1+ (C)
LASER,LASER COLOR PRINT A3 KALKIR/SLIDE 10+ (C)
LASER,LASER COLOR PRINT ALL 1+ (SM/C/F)
LASER,LASER COLOR PRINT ALL 10+ (SM/C/F)
LASER,LASER COLOR PRINT ALL 100+ (SM/C/F)
LASER,LASER COLOR PRINT ALL 250+ (SM/C/F)
LASER,LASER COLOR PRINT ALL 50+ (SM/C/F)
LASER,LASER COLOR PRINT AMPLOP
LASER,LASER COLOR PRINT AP 150gr 33x65 (C )
LASER,LASER COLOR PRINT AP 210-230 gr 1+ (C )
LASER,LASER COLOR PRINT AP 210-230 gr 1+ (C ) 2 SISI
LASER,LASER COLOR PRINT AP 210-230 gr 1+ (C/F)
LASER,LASER COLOR PRINT AP 210-230 gr 10+ (C )
LASER,LASER COLOR PRINT AP 210-230 gr 10+ (C ) 2 SISI
LASER,LASER COLOR PRINT AP 210-230 gr 10+ (C/F)
LASER,LASER COLOR PRINT AP 210-230 gr 100+ (C )
LASER,LASER COLOR PRINT AP 210-230 gr 100+ (C ) 2 SISI
LASER,LASER COLOR PRINT AP 210-230 gr 200+ (C )
LASER,LASER COLOR PRINT AP 210-230 gr 200+ (C ) 2 SISI
LASER,LASER COLOR PRINT AP 210-230 gr 25+ (C )
LASER,LASER COLOR PRINT AP 210-230 gr 25+ (C ) 2 SISI
LASER,LASER COLOR PRINT AP 210-230gr 100+ (C/F)
LASER,LASER COLOR PRINT AP 210-230gr 200+ (C/F)
LASER,LASER COLOR PRINT AP 210-230gr 25+ (C/F)
LASER,LASER COLOR PRINT AP 210gr 33x65 (C )
LASER,LASER COLOR PRINT AP 210gr 33x66 (C )
LASER,LASER COLOR PRINT AP120-150gr 33x65 (C )
LASER,LASER COLOR PRINT STIKER 1+ (C)
LASER,LASER COLOR PRINT STIKER 1+ (C/F)
LASER,LASER COLOR PRINT STIKER 10+ (C)
LASER,LASER COLOR PRINT STIKER 10+ (C/F)
LASER,LASER COLOR PRINT STIKER 100+ (C)
LASER,LASER COLOR PRINT STIKER 200+ (C)
LASER,LASER COLOR PRINT STIKER 200+ (C/F)
LASER,LASER COLOR PRINT STIKER 25+ (C)
LASER,LASER COLOR PRINT STIKER 25+ (C/F)
LASER,LASER COLOR PRINT STIKER VINIL/TRANS  1+ (C)
LASER,LASER COLOR PRINT STIKER VINIL/TRANS  1+ (C/F)
LASER,LASER COLOR PRINT STIKER VINIL/TRANS  10+ (C)
LASER,LASER COLOR PRINT STIKER VINIL/TRANS  10+ (C/F)
LASER,LASER COLOR PRINT STIKER VINIL/TRANS  100+ (C)
LASER,LASER COLOR PRINT STIKER VINIL/TRANS  100+ (C/F)
LASER,LASER COLOR PRINT STIKER VINIL/TRANS  200+ (C)
LASER,LASER COLOR PRINT STIKER VINIL/TRANS  200+ (C/F)
LASER,LASER COLOR PRINT STIKER VINIL/TRANS  25+ (C)
LASER,LASER COLOR PRINT STIKER VINIL/TRANS  25+ (C/F)
LASER,LASER COLOR PRINT STIKER VINIL/TRANS  50+ (C)
LASER,LASER COLOR PRINT STIKER VINIL/TRANS  50+ (C/F)
LASER,LASER GRAVIR /CUTTING LASER RAYJET
LASER,LASER PRINT ID CARD + SET. MASTER
LASER,LASER PRINT ID CARD 1+
LASER,LASER PRINT ID CARD 50+
LASER,LASER PRINT ID CARD SMAN 1 PALU
LASER,LASER PRINT ID CARD VAKSINASI 1+
LASER,LASER PRINT ID CARD VAKSINASI 10+
LASER,LASER PRINT ID CARD VAKSINASI 2+
LE,LE MINERAL BOTOL 330 ML
LE,LE MINERAL BOTOL 600 ML
LED,LED AKRILIK
LULU,LULU BINGKAI FOTO 30X40CM
LULU,LULU BINGKAI FOTO 40X50 CM
LULU,LULU BINGKAI FOTO 40X60 CM
LULU,LULU BINGKAI FOTO 50X75 CM
MACKIE,MACKIE BARBEQUE
MACKIE,MACKIE JAGUNG BAKAR
MACKIE,MACKIE ORI
MAGNET,MAGNET NAMEPIN BAHAN
MAP,MAP CETAK
MASKER,MASKER SCUBA
MASKER,MASKER SCUBA SABLON
MASKER,MASKER SCUBA SABLON PER PC
MATA,MATA AYAM LUBANG
MEDALI,"MEDALI 1 SISI DIAMETER 7,8 CM + TALI"
MEDALI,MEDALI 2 SISI DIAMETER 7 CM + TALI
MINI,MINI X-BANNER
MOORIM,MOORIM EMBOSED CANVAS 260GR
NAME,NAME PIN SWISSBELL HOTEL
NAMEPIN,NAMEPIN AKRILIK MAGNET
NAMEPIN,NAMEPIN AKRILIK PENITI
NAMEPIN,NAMEPIN GRAVOPLY HITAM BESAR MAGNET
NAMEPIN,NAMEPIN GRAVOPLY HITAM BESAR PENITI
NAMEPIN,NAMEPIN HITAM STANDAR BAHAN
NAMEPIN,NAMEPIN HITAM STANDAR MAGNET
NAMEPIN,NAMEPIN HITAM STANDAR PAKU
NAMEPIN,NAMEPIN HITAM STANDAR PENITI
NAMEPIN,NAMEPIN STANDAR GRAV HITAM MAGNET
NAMEPIN,NAMEPIN STANDAR GRAV HITAM PENITI
NAMEPIN,NAMEPIN STD GRAV SYLVER/GOLD MAGNET
NAMEPIN,NAMEPIN STD GRAV SYLVER/GOLD PENITI
NAMEPIN,NAMEPIN UKURAN KECIL TIMBUL
NAMEPIN,NAMEPIN UKURAN STANDAR TIMBUL
NAMEPLATE,NAMEPLATE ACRYLIC
NEON,NEON BOX
NN,NN
NOMOR,NOMOR RUMAH JADI
OASIS,OASIS AIR MINERAL BOTOL 600 ML
OFFSET,OFFSET CETAK HVS/KINGSTRUK
OUTDOOR,OUTDOOR KAIN SPANEL UMBUL2
OUTDOOR,OUTDOOR STIKER BIASA
OUTDOOR,OUTDOOR STIKER MIMAKI
OUTDOOR,OUTDOOR STIKER SANBLAST/STIKER KACA
OUTDOOR,OUTDOOR STIKER WAN WAY
OUTDOR,OUTDOR PRINT STICKER
OUTDOR,OUTDOR PRINT VINYL
OUTDOR,OUTDOR PRINT VINYL (lbr)
OUTDOR,OUTDOR PRINT VINYL 440gr
OUTDOR,OUTDOR VINYL BACKLIGT GLOSY
PAKET,PAKET
PAKET,PAKET CETAK KARTU PENGENAL
PAPAN,PAPAN ID CARD
PAPAN,PAPAN ID CARD TRANSP.
PAPAN,PAPAN NAMA ACRYLIC
PAPAN,PAPAN NOMOR RUMAH CETAK
PAPAN,PAPAN UCAPAN
PAPER,PAPER BAG CETAK
PASANG,PASANG SUDUT BUKU
PEKERJAAN,PEKERJAAN FINISHING
PEMBATAS,PEMBATAS ALKITAB / BUKU
PEN,PEN HOLDER PLAKAT
PENGISIAN,PENGISIAN TINTA TRODAT
PHOTO,PHOTO COPY BIASA 70 GR
PHOTO,PHOTO COPY BIASA 70 GR HVS WARNA
PHOTO,PHOTO COPY BIASA 80 GR
PHOTO,PHOTO COPY BIASA A3 HVS
PIN,PIN BESAR
PIN,PIN BESAR DOFF
PIN,PIN BESAR GLOSY
PIN,PIN KECIL
PIN,PIN KECIL DOFF
PIN,PIN KECIL GLOSY
PIN,PIN KORPRI MAGNET
PIN,PIN MAGNET
PLAKAT,PLAKAT ACRYLIC
PLAKAT,PLAKAT ACRYLIC COLOR 2MM
PLAKAT,PLAKAT ACRYLIC COLOR 3MM
PLAKAT,PLAKAT AKRILIK KOTAK 10 MM
PLAKAT,PLAKAT AKRILIK KOTAK 15MM BESAR + BOX BELUDRU
PLAKAT,PLAKAT AKRILIK KOTAK 15MM KECIL TANPA BOX
PLAKAT,PLAKAT AKRILIK KOTAK 20 MM + BOX BELUDRU
PLAKAT,PLAKAT AKRILIK KP1 VIBER 20 MM+ BOX BELUDRU
PLAKAT,PLAKAT AKRILIK OVAL 10 MM
PLAKAT,PLAKAT AKRILIK OVAL 15MM KECIL TANPA BOX
PLAKAT,PLAKAT AKRILIK P1 15 MM+ BOX BELUDRU
PLAKAT,PLAKAT AKRILIK P1 20 MM+ BOX BELUDRU
PLAKAT,PLAKAT AKRILIK P14 + BOX BELUDRU
PLAKAT,PLAKAT AKRILIK P15 + BOX BELUDRU
PLAKAT,PLAKAT AKRILIK P16 + BOX BELUDRU
PLAKAT,PLAKAT AKRILIK P2 15 MM+ BOX BELUDRU
PLAKAT,PLAKAT AKRILIK P2 20 MM+ BOX BELUDRU
PLAKAT,PLAKAT AKRILIK P32 15 MM+ BOX BELUDRU
PLAKAT,PLAKAT AKRILIK P32 20 MM+ BOX BELUDRU
PLAKAT,PLAKAT AKRILIK P4 15 MM + BOX BELUDRU
PLAKAT,PLAKAT AKRILIK P4 20 MM + BOX BELUDRU
PLAKAT,PLAKAT AKRILIK P5 + BOX BELUDRU
PLAKAT,PLAKAT AKRILIK P6 15 MM+ BOX BELUDRU
PLAKAT,PLAKAT AKRILIK P6 15 MM+JAM+ BOX BELUDRU
PLAKAT,PLAKAT AKRILIK P6 20 MM+ BOX BELUDRU
PLAKAT,PLAKAT AKRILIK P7 + BOX BELUDRU
PLAKAT,PLAKAT AKRILIK P8 15 MM + BOX BELUDRU
PLAKAT,PLAKAT AKRILIK P8 20 MM + BOX BELUDRU
PLAKAT,PLAKAT AKRILIK P9 15 MM + BOX BELUDRU
PLAKAT,PLAKAT AKRILIK P9 20 MM+ BOX BELUDRU
PLAKAT,PLAKAT AKRILIK TAMENG 20 MM+JAM+ BOX BELUDRU
PLASTIK,PLASTIK KARTU PENGENAL BESAR
PLASTIK,PLASTIK KARTU PENGENAL KECIL
PLASTIK,PLASTIK KARTU PENGENAL SEDANG
PLASTIK,PLASTIK UNDANGAN
PLASTIK,PLASTIK UNDANGAN KECIL
POCARI,POCARI SWEAT 350 ML
POUNCH,POUNCH CETAK
PRESS,PRESS PINGGIR
PRINT,PRINT  BW A2 (42x59.4cm) BC/MU
PRINT,PRINT BULETIN GKI PALU
PRINT,PRINT BW A0 (84x118.8cm) BC/MU
PRINT,PRINT BW A0 (84x118.8cm) HVS
PRINT,PRINT BW A0 (84x118.8cm) KALKIR
PRINT,PRINT BW A1 (59.4x84cm) BC/MU
PRINT,PRINT BW A1 (59.4x84cm) HVS
PRINT,PRINT BW A1 (59.4x84cm) KALKIR
PRINT,PRINT BW A2 (42x59.4cm) HVS
PRINT/COPY,PRINT/COPY LASER HVS WARNA
PROMOTION,PROMOTION TABLE LENGKAP DENGAN STIKER DAN PASANG
PULPY,PULPY ORANGE  350 ML
PVC,PVC GANTUNGAN PINTU
QUANTAC,QUANTAC PVC LASER FILM 200
QUANTAC,QUANTAC PVC LASER FILM 300
ROLL,ROLL BANNER BAHAN SINTETIC CETAK
ROLL,ROLL BANNER BAHAN SINTETIC CETAK 5270
ROLL,ROLL BANNER BESAR KERTAS FOTO  CETAK TANPA STAND
ROLL,ROLL BANNER BESAR KERTAS FOTO  CETAK TANPA STAND 5270
ROLL,ROLL BANNER BESAR KERTAS FOTO CETAK
ROLL,ROLL BANNER BESAR KERTAS FOTO CETAK 5270
ROLL,ROLL BANNER BESAR SINTETIC CETAK 5270
ROLL,ROLL BANNER BESAR VINIL CETAK
ROLL,ROLL BANNER KERTAS FOTO  CETAK TANPA STAND
ROLL,ROLL BANNER KERTAS FOTO  CETAK TANPA STAND 5270
ROLL,ROLL BANNER KERTAS FOTO CETAK
ROLL,ROLL BANNER KERTAS FOTO CETAK 5270
ROLL,ROLL BANNER SINTETIC  CETAK TANPA STAND
ROLL,ROLL BANNER SINTETIC  CETAK TANPA STAND 5270
ROLL,ROLL BANNER VINIL CETAK
ROLL,ROLL BANNER VINIL CETAK TANPA STAND
RTJ,RTJ JELY DRINK
SABLON,SABLON DIGITAL ASBAK
SABLON,SABLON DIGITAL KAOS KATUN WARNA
SABLON,SABLON DIGITAL KAOS POLYESTER
SABLON,SABLON DIGITAL KERAMIK 11x11CM
SABLON,SABLON DIGITAL KERAMIK JAM 20x20 CM
SABLON,SABLON DIGITAL MOUSE PAD
SABLON,SABLON DIGITAL MUG BAMBU LOVE PUTIH
SABLON,SABLON DIGITAL MUG BAMBU WARNA
SABLON,SABLON DIGITAL MUG GAGANG LOVE
SABLON,SABLON DIGITAL MUG KREMES WARNA
SABLON,SABLON DIGITAL MUG PUTIH BIASA
SABLON,SABLON DIGITAL PUSSLE A4
SABLON,SABLON DIGITAL PUSSLE A5
SABLON,SABLON DIGITAL TEMPAT MINUM
SCAN,SCAN COLOR TO DISK A0
SCAN,SCAN COLOR TO DISK A1
SCAN,SCAN COLOR TO DISK A2
SCAN,SCAN COLOR TO DISK A3
SCAN,SCAN COLOR TO DISK A4 / FOTO
SEKAT,SEKAT AKRILIK / PEMBATAS MEJA
SETING,SETING LAY. A3 OFFSET RIO
SETING,SETING LAY. A4/F4 OFFSET RIO
SETING,SETING LAY. A4/F4 SEPARASI OFFSET RIO
SETTING,SETTING PISAU UNTUK DOS TOKO RIO
SETTING,SETTING PLAT DOS OFFSET TOKO RIO
SIGN,SIGN HOLDER A4
SPONGE,SPONGE BANTALAN STEMPEL TRODAT BESAR
SPRITE,SPRITE KALENG SLIM
STAND,STAND ROLL  BANNER BESAR TANPA CETAK
STAND,STAND ROLL  BANNER TANPA CETAK
STAND,STAND ROLL  BANNER TANPA CETAK KAKI STAINLESS
STEMPEL,STEMPEL FLASH 13 x 55
STEMPEL,STEMPEL FLASH 17 BULAT
STEMPEL,STEMPEL FLASH 17 x 55
STEMPEL,STEMPEL FLASH 22 x 55
STEMPEL,STEMPEL FLASH 22 x 67
STEMPEL,STEMPEL FLASH 22 x 78
STEMPEL,STEMPEL FLASH 23 BULAT
STEMPEL,STEMPEL FLASH 26 x 26
STEMPEL,STEMPEL FLASH 27 x 18
STEMPEL,STEMPEL FLASH 27 x 43
STEMPEL,STEMPEL FLASH 27 x 67
STEMPEL,STEMPEL FLASH 27 x 78
STEMPEL,STEMPEL FLASH 28 BULAT
STEMPEL,STEMPEL FLASH 32 x 67
STEMPEL,STEMPEL FLASH 32 x 78
STEMPEL,STEMPEL FLASH 35 BULAT
STEMPEL,STEMPEL FLASH 40 BULAT
STEMPEL,STEMPEL FLASH 43 x 13
STEMPEL,STEMPEL FLASH 43 x 67
STEMPEL,STEMPEL FLASH 43 x 78
STEMPEL,STEMPEL FLASH 45 BULAT
STEMPEL,STEMPEL FLASH 45 KOTAK
STEMPEL,STEMPEL FLASH 45 OVAL
STEMPEL,STEMPEL FLASH 51 BULAT
STEMPEL,STEMPEL FLASH 51 OVAL
STEMPEL,STEMPEL FLASH 66 x 85
STEMPEL,STEMPEL FLASH GANTUNGAN KUNCI
STEMPEL,STEMPEL FLASH KOTAK 18
STEROFORM,STEROFORM
STEROFORM,STEROFORM + CETAK
STICKER,STICKER CD CETAK LASER COLOR
STICKER,STICKER LABEL/KEMASAN CROMO 2X2
STICKER,STICKER LABEL/KEMASAN CROMO 3X3
STICKER,STICKER LABEL/KEMASAN CROMO MIN 4X4
STICKER,STICKER LABEL/KEMASAN VINYL 2X2
STICKER,STICKER LABEL/KEMASAN VINYL 3X3
STICKER,STICKER LABEL/KEMASAN VINYL MIN 4X4
STIKER,STIKER GANTUNGAN ID CARD
STIKER,STIKER LABEL UNDANGAN
STIKER,STIKER LABEL UNDANGAN ISI 10NAMA
STIKER,STIKER LOGO TIMBUL ID CARD YOYO
STIKER,STIKER UNDANGAN
SUSU,SUSU BERUANG KALENG/BEAR BRAND MILK
TALI,TALI ID  CARD BESAR+CETAK(LANYAR CETAK)
TAMBAHAN,TAMBAHAN CETAK EMBOS ID CARD
TAMBAHAN,TAMBAHAN PER WARNA
TECHNOVA,TECHNOVA MATE 115 GR
TECHNOVA,TECHNOVA MATE 200 GR
TEH,TEH KOTAK MELATI 300ML
TEH,TEH PUCUK BOTOL KECIL 350ML
TEH,TEH PUCUK HARUM  480 ML
TEMPAT,TEMPAT CD BIASA TRANS
TEMPAT,TEMPAT CD DOBLE
THERMOS,THERMOS SMART VACUM LED FLASK SAKURA ELITE CETAK UV
THERMOS,THERMOS VACUM FLASK SAKURA ELITE CETAK UV
THERMOS,THERMOS VACUM NIAGARA CETAK UV
TRAVEL,TRAVEL THERMOS  500ML CETAK UV
TRIPOD,TRIPOD BANNER BAHAN VINIL UK. 60X120 LENGKAP
TRIPOD,TRIPOD BANNER BAHAN VINIL UK. 60X160 LENGKAP
TRIPOD,TRIPOD BANNER BAHAN VINIL UK. 60X160 TANPA STAND
TRIPOD,TRIPOD BANNER BAHAN VINIL UK. 60X90 LENGKAP
TRIPOD,TRIPOD BANNER BAHAN VINIL UK. 60X90 TANPA STAND
TRIPOD,TRIPOD BANNER KERTAS FOTO UK. 60X120 LENGKAP 5270
TRIPOD,TRIPOD BANNER KERTAS FOTO UK. 60X90 LENGKAP 5270
TRIPOD,TRIPOD BANNER KERTAS FOTO UK. 60X90 TANPA STAND 5270
TRIPOD,TRIPOD BANNER SINTETIC UK. 60X90 LENGKAP 5270
TRIPOD,TRIPOD BANNER SINTETICL UK. 60X90 TANPA STAND 5270
TRIPOD,TRIPOD BANNER STAND TANPA CETAK
TRODAT,TRODAT SETEMPEL PRINTY 3912 LETTER
TRODAT,TRODAT SETEMPEL PRINTY 3913 LETTER
TRODAT,TRODAT STEMPEL 2910/U + CETAK
TRODAT,TRODAT STEMPEL 3642 + CETAK
TRODAT,TRODAT STEMPEL 3642 GAGANG
TRODAT,TRODAT STEMPEL 44045 + CETAK
TRODAT,TRODAT STEMPEL 44055 + CETAK
TRODAT,TRODAT STEMPEL 46019 + CETAK
TRODAT,TRODAT STEMPEL 46025 + CETAK
TRODAT,TRODAT STEMPEL 46025 GAGANG
TRODAT,TRODAT STEMPEL 46040 + CETAK
TRODAT,TRODAT STEMPEL 46045 + CETAK
TRODAT,TRODAT STEMPEL 46130 + CETAK
TRODAT,TRODAT STEMPEL 46140 + CETAK
TRODAT,TRODAT STEMPEL 46140 LETTER
TRODAT,TRODAT STEMPEL 4630 + CETAK
TRODAT,TRODAT STEMPEL 4630 GAGANG
TRODAT,TRODAT STEMPEL 4630 LETTER
TRODAT,TRODAT STEMPEL 4642 + CETAK
TRODAT,TRODAT STEMPEL 4724 + CETAK
TRODAT,TRODAT STEMPEL 4724 LETTER
TRODAT,TRODAT STEMPEL 4726 + CETAK
TRODAT,TRODAT STEMPEL 4727 + CETAK
TRODAT,TRODAT STEMPEL 4727 LETTER
TRODAT,TRODAT STEMPEL 4729 + CETAK
TRODAT,TRODAT STEMPEL 4729 LETTER
TRODAT,TRODAT STEMPEL 4750 + CETAK
TRODAT,TRODAT STEMPEL 4750 2 WARNA + CETAK
TRODAT,TRODAT STEMPEL 4750 LETTER
TRODAT,TRODAT STEMPEL 4910 + CETAK
TRODAT,TRODAT STEMPEL 4911 (8911) + CETAK
TRODAT,TRODAT STEMPEL 4912 + CETAK
TRODAT,TRODAT STEMPEL 4913 + CETAK
TRODAT,TRODAT STEMPEL 4913 LETTER
TRODAT,TRODAT STEMPEL 4915 + CETAK
TRODAT,TRODAT STEMPEL 4916 + CETAK
TRODAT,TRODAT STEMPEL 4916 GAGANG
TRODAT,TRODAT STEMPEL 4917 + CETAK
TRODAT,TRODAT STEMPEL 4917 GAGANG
TRODAT,TRODAT STEMPEL 4918 + CETAK
TRODAT,TRODAT STEMPEL 4922 + CETAK
TRODAT,TRODAT STEMPEL 4923 + CETAK
TRODAT,TRODAT STEMPEL 4923 GAGANG
TRODAT,TRODAT STEMPEL 4923 LETTER
TRODAT,TRODAT STEMPEL 4924 + CETAK
TRODAT,TRODAT STEMPEL 4924 LETTER
TRODAT,TRODAT STEMPEL 4925 + CETAK
TRODAT,TRODAT STEMPEL 4926 + CETAK
TRODAT,TRODAT STEMPEL 4927 + CETAK
TRODAT,TRODAT STEMPEL 4928 + CETAK
TRODAT,TRODAT STEMPEL 4928 LETTER
TRODAT,TRODAT STEMPEL 4929 + CETAK
TRODAT,TRODAT STEMPEL 4941 + CETAK
TRODAT,TRODAT STEMPEL LUNAS IMPRINT
TRODAT,TRODAT STEMPEL POCKET 9411 + CETAK
TRODAT,TRODAT STEMPEL POCKET 9412 + CETAK
TRODAT,TRODAT STEMPEL PRINTY 3911 + CETAK
TRODAT,TRODAT STEMPEL PRINTY 3911 GAGANG
TRODAT,TRODAT STEMPEL PRINTY 3912 + CETAK
TRODAT,TRODAT STEMPEL PRINTY 3912 GAGANG
TRODAT,TRODAT STEMPEL PRINTY 3913 + CETAK
TRODAT,TRODAT STEMPEL PRINTY 3913 GAGANG
TRODAT,TRODAT STEMPEL TANGGAL 3MM 1000
TRODAT,TRODAT STEMPEL TANGGAL 4MM 1010
TRODAT,TRODAT STEMPEL TANGGAL 5MM 1020
TRODAT,TRODAT STEMPEL3445 + CETAK
TRODAT,TRODAT STEMPEL4642 LETTER
TRODAT,TRODAT TINTA STEMPEL BIRU BIASA
TRODAT,TRODAT TINTA STEMPEL BROWN
TRODAT,TRODAT TINTA STEMPEL DEEP ORANGE
TRODAT,TRODAT TINTA STEMPEL HIJAU BIASA
TRODAT,TRODAT TINTA STEMPEL HITAM
TRODAT,TRODAT TINTA STEMPEL LIGHT BLUE
TRODAT,TRODAT TINTA STEMPEL MERAH BIASA
TRODAT,TRODAT TINTA STEMPEL TRAFIC PURPLE
TRODAT,TRODAT TINTA STEMPEL UNGU BIASA
TUMBLER,TUMBLER AROMATIC
TUMBLER,TUMBLER GB 200 (PENDEK GAGANG)
TUMBLER,TUMBLER MUG INSERT
ULTRA,ULTRA MILK 125ML
ULTRA,ULTRA MILK 200ML
ULTRA,ULTRA MILK 250ML
ULTRA,ULTRA MILK CARAMEL 200ML
ULTRA,ULTRA MILK TARO 200ML
UNDANGAN,UNDANGAN
UNDANGAN,UNDANGAN WARNA COM COLOR
V-TEC,V-TEC BALPOINT GRAVIR +  KOTAK
VIAN,VIAN AIRMINUM BOTOL 600 ML
VOUCHER,VOUCHER
VTEC,VTEC DRAFTING TUBE
WINA,WINA AIR MINERAL BOTOL 600 ML
X-BANNER,X-BANNER KERTAS FOTO SET CETAK
X-BANNER,X-BANNER KERTAS FOTO SET CETAK 5270
X-BANNER,X-BANNER KERTAS FOTO TANPA KAKI
X-BANNER,X-BANNER KERTAS FOTO TANPA KAKI 5270
X-BANNER,X-BANNER SINTETIC INDOOR CETAK
X-BANNER,X-BANNER SINTETIC INDOOR CETAK 5270
X-BANNER,X-BANNER SINTETIC TANPA KAKI 5270
X-BANNER,X-BANNER VINIL TANPA KAKI
X-BANNER,X-BANNER VINYL SET
Y-BANNER,Y-BANNER KERTAS FOTO SET CETAK 5270
Y-BANNER,Y-BANNER SINTETIC INDOOR CETAK 5270
Y-BANNER,Y-BANNER VINYL SET
YOU,YOU C1000 VITAMIN ORANGE 140ML
